-- phpMyAdmin SQL Dump
-- version 4.1.14
-- http://www.phpmyadmin.net
--
-- Host: 127.0.0.1
-- Generation Time: Feb 26, 2015 at 09:23 AM
-- Server version: 5.6.17
-- PHP Version: 5.5.12

SET SQL_MODE = "NO_AUTO_VALUE_ON_ZERO";
SET time_zone = "+00:00";


/*!40101 SET @OLD_CHARACTER_SET_CLIENT=@@CHARACTER_SET_CLIENT */;
/*!40101 SET @OLD_CHARACTER_SET_RESULTS=@@CHARACTER_SET_RESULTS */;
/*!40101 SET @OLD_COLLATION_CONNECTION=@@COLLATION_CONNECTION */;
/*!40101 SET NAMES utf8 */;

--
-- Database: `unindexed`
--

-- --------------------------------------------------------

--
-- Table structure for table `course`
--

CREATE TABLE IF NOT EXISTS `course` (
  `coursecode` varchar(100) NOT NULL,
  `coursename` varchar(100) NOT NULL,
  `coursedesc` text NOT NULL,
  `coursecredit` float NOT NULL,
  PRIMARY KEY (`coursecode`),
  FULLTEXT KEY `coursefulltextindexname` (`coursedesc`),
  FULLTEXT KEY `coursecode` (`coursecode`)
) ENGINE=MyISAM DEFAULT CHARSET=latin1;

--
-- Dumping data for table `course`
--

INSERT INTO `course` (`coursecode`, `coursename`, `coursedesc`, `coursecredit`) VALUES
('ABM103', 'This is a coursename', 'This is a description', 3),
('ABM171', 'This is a coursename', 'This is a description', 3),
('ABM180', 'This is a coursename', 'This is a description', 3),
('ABT101', 'This is a coursename', 'This is a description', 3),
('AECO10', 'This is a coursename', 'This is a description', 3),
('AECO103', 'This is a coursename', 'This is a description', 3),
('AECO104', 'This is a coursename', 'This is a description', 3),
('AECO111', 'This is a coursename', 'This is a description', 3),
('AECO112', 'This is a coursename', 'This is a description', 3),
('AECO120', 'This is a coursename', 'This is a description', 3),
('AECO121', 'This is a coursename', 'This is a description', 3),
('AECO122', 'This is a coursename', 'This is a description', 3),
('AECO123', 'This is a coursename', 'This is a description', 3),
('AECO130', 'This is a coursename', 'This is a description', 3),
('AECO140', 'This is a coursename', 'This is a description', 3),
('AECO141', 'This is a coursename', 'This is a description', 3),
('AECO150', 'This is a coursename', 'This is a description', 3),
('AECO151', 'This is a coursename', 'This is a description', 3),
('AECO160', 'This is a coursename', 'This is a description', 3),
('AENG1', 'This is a coursename', 'This is a description', 3),
('AENG11', 'This is a coursename', 'This is a description', 3),
('AENG131', 'This is a coursename', 'This is a description', 3),
('AENG132', 'This is a coursename', 'This is a description', 3),
('AENG140', 'This is a coursename', 'This is a description', 3),
('AENG144', 'This is a coursename', 'This is a description', 3),
('AENG145', 'This is a coursename', 'This is a description', 3),
('AENG151', 'This is a coursename', 'This is a description', 3),
('AENG153', 'This is a coursename', 'This is a description', 3),
('AENG155', 'This is a coursename', 'This is a description', 3),
('AENG160', 'This is a coursename', 'This is a description', 3),
('AENG165', 'This is a coursename', 'This is a description', 3),
('AENG168', 'This is a coursename', 'This is a description', 3),
('AENG181', 'This is a coursename', 'This is a description', 3),
('AENG191', 'This is a coursename', 'This is a description', 3),
('AENG2', 'This is a coursename', 'This is a description', 3),
('AENG30', 'This is a coursename', 'This is a description', 3),
('AENG31', 'This is a coursename', 'This is a description', 3),
('AENG37', 'This is a coursename', 'This is a description', 3),
('AENG40', 'This is a coursename', 'This is a description', 3),
('AENG41', 'This is a coursename', 'This is a description', 3),
('AENG42', 'This is a coursename', 'This is a description', 3),
('AENG51', 'This is a coursename', 'This is a description', 3),
('AENG52', 'This is a coursename', 'This is a description', 3),
('AENG60', 'This is a coursename', 'This is a description', 3),
('AENG61', 'This is a coursename', 'This is a description', 3),
('AENG62', 'This is a coursename', 'This is a description', 3),
('AENG70', 'This is a coursename', 'This is a description', 3),
('AENG90', 'This is a coursename', 'This is a description', 3),
('AERS154', 'This is a coursename', 'This is a description', 3),
('AERS160', 'This is a coursename', 'This is a description', 3),
('AGME150', 'This is a coursename', 'This is a description', 3),
('AGR112', 'This is a coursename', 'This is a description', 3),
('AGR114', 'This is a coursename', 'This is a description', 3),
('AGR116', 'This is a coursename', 'This is a description', 3),
('AGR133', 'This is a coursename', 'This is a description', 3),
('AGR141', 'This is a coursename', 'This is a description', 3),
('AGR150', 'This is a coursename', 'This is a description', 3),
('AGR152', 'This is a coursename', 'This is a description', 3),
('AGR170', 'This is a coursename', 'This is a description', 3),
('AGR50', 'This is a coursename', 'This is a description', 3),
('AGRI111', 'This is a coursename', 'This is a description', 3),
('AGRI121', 'This is a coursename', 'This is a description', 3),
('AGRI195', 'This is a coursename', 'This is a description', 3),
('AGRS115', 'This is a coursename', 'This is a description', 3),
('AMAT110', 'This is a coursename', 'This is a description', 3),
('AMAT115', 'This is a coursename', 'This is a description', 3),
('AMAT150', 'This is a coursename', 'This is a description', 3),
('AMAT161', 'This is a coursename', 'This is a description', 3),
('AMAT162', 'This is a coursename', 'This is a description', 3),
('AMAT168', 'This is a coursename', 'This is a description', 3),
('AMAT170', 'This is a coursename', 'This is a description', 3),
('AMAT172', 'This is a coursename', 'This is a description', 3),
('AMAT191a', 'This is a coursename', 'This is a description', 3),
('AMAT191b', 'This is a coursename', 'This is a description', 3),
('ANSC1', 'This is a coursename', 'This is a description', 3),
('ANSC101', 'This is a coursename', 'This is a description', 3),
('ANSC102', 'This is a coursename', 'This is a description', 3),
('ANSC103', 'This is a coursename', 'This is a description', 3),
('ANSC104', 'This is a coursename', 'This is a description', 3),
('ANSC105', 'This is a coursename', 'This is a description', 3),
('ANSC106', 'This is a coursename', 'This is a description', 3),
('ANSC111', 'This is a coursename', 'This is a description', 3),
('ANSC116', 'This is a coursename', 'This is a description', 3),
('ANSC121', 'This is a coursename', 'This is a description', 3),
('ANSC122', 'This is a coursename', 'This is a description', 3),
('ANSC131', 'This is a coursename', 'This is a description', 3),
('ANSC135', 'This is a coursename', 'This is a description', 3),
('ANSC171', 'This is a coursename', 'This is a description', 3),
('ANSC191', 'This is a coursename', 'This is a description', 3),
('ANSC2', 'This is a coursename', 'This is a description', 3),
('ANSC70', 'This is a coursename', 'This is a description', 3),
('ANTH10', 'This is a coursename', 'This is a description', 3),
('APHY103', 'This is a coursename', 'This is a description', 3),
('APHY104', 'This is a coursename', 'This is a description', 3),
('APHY131', 'This is a coursename', 'This is a description', 3),
('APHY132', 'This is a coursename', 'This is a description', 3),
('APHY140', 'This is a coursename', 'This is a description', 3),
('APHY191', 'This is a coursename', 'This is a description', 3),
('BIO1', 'This is a coursename', 'This is a description', 3),
('BIO101', 'This is a coursename', 'This is a description', 3),
('BIO120', 'This is a coursename', 'This is a description', 3),
('BIO130a', 'This is a coursename', 'This is a description', 3),
('BIO130b', 'This is a coursename', 'This is a description', 3),
('BIO131', 'This is a coursename', 'This is a description', 3),
('BIO140', 'This is a coursename', 'This is a description', 3),
('BIO150', 'This is a coursename', 'This is a description', 3),
('BIO151', 'This is a coursename', 'This is a description', 3),
('BIO159', 'This is a coursename', 'This is a description', 3),
('BIO180', 'This is a coursename', 'This is a description', 3),
('BIO191', 'This is a coursename', 'This is a description', 3),
('BIO192', 'This is a coursename', 'This is a description', 3),
('BIO2', 'This is a coursename', 'This is a description', 3),
('BIO3', 'This is a coursename', 'This is a description', 3),
('BIO30', 'This is a coursename', 'This is a description', 3),
('BIO70', 'This is a coursename', 'This is a description', 3),
('BOT1', 'This is a coursename', 'This is a description', 3),
('BOT101', 'This is a coursename', 'This is a description', 3),
('BOT132', 'This is a coursename', 'This is a description', 3),
('BOT140', 'This is a coursename', 'This is a description', 3),
('BOT142', 'This is a coursename', 'This is a description', 3),
('BOT150', 'This is a coursename', 'This is a description', 3),
('BOT20', 'This is a coursename', 'This is a description', 3),
('BOT3', 'This is a coursename', 'This is a description', 3),
('CE12', 'This is a coursename', 'This is a description', 3),
('CE122', 'This is a coursename', 'This is a description', 3),
('CE131', 'This is a coursename', 'This is a description', 3),
('CE132', 'This is a coursename', 'This is a description', 3),
('CE134', 'This is a coursename', 'This is a description', 3),
('CE135', 'This is a coursename', 'This is a description', 3),
('CE136', 'This is a coursename', 'This is a description', 3),
('CE137', 'This is a coursename', 'This is a description', 3),
('CE141', 'This is a coursename', 'This is a description', 3),
('CE152', 'This is a coursename', 'This is a description', 3),
('CE161', 'This is a coursename', 'This is a description', 3),
('CE162', 'This is a coursename', 'This is a description', 3),
('CE171', 'This is a coursename', 'This is a description', 3),
('CERP11', 'This is a coursename', 'This is a description', 3),
('CERP122', 'This is a coursename', 'This is a description', 3),
('CERP133', 'This is a coursename', 'This is a description', 3),
('CERP134', 'This is a coursename', 'This is a description', 3),
('CERP152', 'This is a coursename', 'This is a description', 3),
('CERP21', 'This is a coursename', 'This is a description', 3),
('ChE142', 'This is a coursename', 'This is a description', 3),
('ChE143', 'This is a coursename', 'This is a description', 3),
('ChE147', 'This is a coursename', 'This is a description', 3),
('ChE149', 'This is a coursename', 'This is a description', 3),
('ChE152', 'This is a coursename', 'This is a description', 3),
('ChE155', 'This is a coursename', 'This is a description', 3),
('ChE156', 'This is a coursename', 'This is a description', 3),
('ChE170', 'This is a coursename', 'This is a description', 3),
('ChE172', 'This is a coursename', 'This is a description', 3),
('ChE180', 'This is a coursename', 'This is a description', 3),
('ChE185', 'This is a coursename', 'This is a description', 3),
('ChE191', 'This is a coursename', 'This is a description', 3),
('ChE192', 'This is a coursename', 'This is a description', 3),
('ChE193', 'This is a coursename', 'This is a description', 3),
('ChE31', 'This is a coursename', 'This is a description', 3),
('ChE41', 'This is a coursename', 'This is a description', 3),
('CHEM102', 'This is a coursename', 'This is a description', 3),
('CHEM111', 'This is a coursename', 'This is a description', 3),
('CHEM111.1', 'This is a coursename', 'This is a description', 3),
('CHEM112', 'This is a coursename', 'This is a description', 3),
('CHEM112.1', 'This is a coursename', 'This is a description', 3),
('CHEM115', 'This is a coursename', 'This is a description', 3),
('CHEM120', 'This is a coursename', 'This is a description', 3),
('CHEM120.1', 'This is a coursename', 'This is a description', 3),
('CHEM131', 'This is a coursename', 'This is a description', 3),
('CHEM133', 'This is a coursename', 'This is a description', 3),
('CHEM137', 'This is a coursename', 'This is a description', 3),
('CHEM137.1', 'This is a coursename', 'This is a description', 3),
('CHEM140', 'This is a coursename', 'This is a description', 3),
('CHEM15', 'This is a coursename', 'This is a description', 3),
('CHEM15.1', 'This is a coursename', 'This is a description', 3),
('CHEM160', 'This is a coursename', 'This is a description', 3),
('CHEM160.1', 'This is a coursename', 'This is a description', 3),
('CHEM161', 'This is a coursename', 'This is a description', 3),
('CHEM161.1', 'This is a coursename', 'This is a description', 3),
('CHEM162', 'This is a coursename', 'This is a description', 3),
('CHEM17', 'This is a coursename', 'This is a description', 3),
('CHEM17.1', 'This is a coursename', 'This is a description', 3),
('CHEM171', 'This is a coursename', 'This is a description', 3),
('CHEM173', 'This is a coursename', 'This is a description', 3),
('CHEM180', 'This is a coursename', 'This is a description', 3),
('CHEM185', 'This is a coursename', 'This is a description', 3),
('CHEM192', 'This is a coursename', 'This is a description', 3),
('CHEM32', 'This is a coursename', 'This is a description', 3),
('CHEM32.1', 'This is a coursename', 'This is a description', 3),
('CHEM40', 'This is a coursename', 'This is a description', 3),
('CHEM40.1', 'This is a coursename', 'This is a description', 3),
('CHEM43', 'This is a coursename', 'This is a description', 3),
('CHEM43.1', 'This is a coursename', 'This is a description', 3),
('CHEM44', 'This is a coursename', 'This is a description', 3),
('CHEM44.1', 'This is a coursename', 'This is a description', 3),
('CMSC100', 'This is a coursename', 'This is a description', 3),
('CMSC11', 'This is a coursename', 'This is a description', 3),
('CMSC123', 'This is a coursename', 'This is a description', 3),
('CMSC125', 'This is a coursename', 'This is a description', 3),
('CMSC128', 'This is a coursename', 'This is a description', 3),
('CMSC130', 'This is a coursename', 'This is a description', 3),
('CMSC132', 'This is a coursename', 'This is a description', 3),
('CMSC141', 'This is a coursename', 'This is a description', 3),
('CMSC142', 'This is a coursename', 'This is a description', 3),
('CMSC161', 'This is a coursename', 'This is a description', 3),
('CMSC170', 'This is a coursename', 'This is a description', 3),
('CMSC2', 'This is a coursename', 'This is a description', 3),
('CMSC21', 'This is a coursename', 'This is a description', 3),
('CMSC22', 'This is a coursename', 'This is a description', 3),
('CMSC56', 'This is a coursename', 'This is a description', 3),
('COMA104', 'This is a coursename', 'This is a description', 3),
('COMA192', 'This is a coursename', 'This is a description', 3),
('COMA193', 'This is a coursename', 'This is a description', 3),
('CRPT1', 'This is a coursename', 'This is a description', 3),
('CRPT2', 'This is a coursename', 'This is a description', 3),
('CRSC1', 'This is a coursename', 'This is a description', 3),
('CRSC2', 'This is a coursename', 'This is a description', 3),
('CWTS1', 'This is a coursename', 'This is a description', 3),
('CWTS2', 'This is a coursename', 'This is a description', 3),
('DEVC10', 'This is a coursename', 'This is a description', 3),
('DEVC102', 'This is a coursename', 'This is a description', 3),
('DEVC11', 'This is a coursename', 'This is a description', 3),
('DEVC123', 'This is a coursename', 'This is a description', 3),
('DEVC124', 'This is a coursename', 'This is a description', 3),
('DEVC131', 'This is a coursename', 'This is a description', 3),
('DEVC132', 'This is a coursename', 'This is a description', 3),
('DEVC134', 'This is a coursename', 'This is a description', 3),
('DEVC140', 'This is a coursename', 'This is a description', 3),
('DEVC142', 'This is a coursename', 'This is a description', 3),
('DEVC143', 'This is a coursename', 'This is a description', 3),
('DEVC151', 'This is a coursename', 'This is a description', 3),
('DEVC152', 'This is a coursename', 'This is a description', 3),
('DEVC180', 'This is a coursename', 'This is a description', 3),
('DEVC197', 'This is a coursename', 'This is a description', 3),
('DEVC20', 'This is a coursename', 'This is a description', 3),
('DEVC40', 'This is a coursename', 'This is a description', 3),
('DEVC50', 'This is a coursename', 'This is a description', 3),
('DEVC70', 'This is a coursename', 'This is a description', 3),
('DEVC80', 'This is a coursename', 'This is a description', 3),
('ECON10(SSP)', 'This is a coursename', 'This is a description', 3),
('ECON101', 'This is a coursename', 'This is a description', 3),
('ECON102', 'This is a coursename', 'This is a description', 3),
('ECON103', 'This is a coursename', 'This is a description', 3),
('ECON104', 'This is a coursename', 'This is a description', 3),
('ECON11', 'This is a coursename', 'This is a description', 3),
('ECON110', 'This is a coursename', 'This is a description', 3),
('ECON121', 'This is a coursename', 'This is a description', 3),
('ECON130', 'This is a coursename', 'This is a description', 3),
('ECON137', 'This is a coursename', 'This is a description', 3),
('ECON141', 'This is a coursename', 'This is a description', 3),
('ECON151', 'This is a coursename', 'This is a description', 3),
('ECON172', 'This is a coursename', 'This is a description', 3),
('ECON181', 'This is a coursename', 'This is a description', 3),
('ECON185', 'This is a coursename', 'This is a description', 3),
('EDUC102', 'This is a coursename', 'This is a description', 3),
('EDUC11', 'This is a coursename', 'This is a description', 3),
('EDUC122', 'This is a coursename', 'This is a description', 3),
('EDUC44', 'This is a coursename', 'This is a description', 3),
('EE1', 'This is a coursename', 'This is a description', 3),
('EE11', 'This is a coursename', 'This is a description', 3),
('EE12', 'This is a coursename', 'This is a description', 3),
('EE120', 'This is a coursename', 'This is a description', 3),
('EE126', 'This is a coursename', 'This is a description', 3),
('EE130', 'This is a coursename', 'This is a description', 3),
('EE131', 'This is a coursename', 'This is a description', 3),
('EE141', 'This is a coursename', 'This is a description', 3),
('EE145', 'This is a coursename', 'This is a description', 3),
('EE15', 'This is a coursename', 'This is a description', 3),
('EE151', 'This is a coursename', 'This is a description', 3),
('EE158', 'This is a coursename', 'This is a description', 3),
('EE159', 'This is a coursename', 'This is a description', 3),
('EE160', 'This is a coursename', 'This is a description', 3),
('EE165', 'This is a coursename', 'This is a description', 3),
('EE170', 'This is a coursename', 'This is a description', 3),
('EE171', 'This is a coursename', 'This is a description', 3),
('EE179', 'This is a coursename', 'This is a description', 3),
('EE18', 'This is a coursename', 'This is a description', 3),
('EE181', 'This is a coursename', 'This is a description', 3),
('EE21', 'This is a coursename', 'This is a description', 3),
('EE41', 'This is a coursename', 'This is a description', 3),
('ENG1(AH)', 'This is a coursename', 'This is a description', 3),
('ENG10', 'This is a coursename', 'This is a description', 3),
('ENG102', 'This is a coursename', 'This is a description', 3),
('ENG103', 'This is a coursename', 'This is a description', 3),
('ENG104', 'This is a coursename', 'This is a description', 3),
('ENG105', 'This is a coursename', 'This is a description', 3),
('ENG107', 'This is a coursename', 'This is a description', 3),
('ENG2(AH)', 'This is a coursename', 'This is a description', 3),
('ENG4', 'This is a coursename', 'This is a description', 3),
('ENSC10a', 'This is a coursename', 'This is a description', 3),
('ENSC10b', 'This is a coursename', 'This is a description', 3),
('ENSC11', 'This is a coursename', 'This is a description', 3),
('ENSC12', 'This is a coursename', 'This is a description', 3),
('ENSC13', 'This is a coursename', 'This is a description', 3),
('ENSC14', 'This is a coursename', 'This is a description', 3),
('ENSC14a', 'This is a coursename', 'This is a description', 3),
('ENSC15', 'This is a coursename', 'This is a description', 3),
('ENSC16', 'This is a coursename', 'This is a description', 3),
('ENSC16b', 'This is a coursename', 'This is a description', 3),
('ENSC17', 'This is a coursename', 'This is a description', 3),
('ENSC18', 'This is a coursename', 'This is a description', 3),
('ENSC21', 'This is a coursename', 'This is a description', 3),
('ENSC26', 'This is a coursename', 'This is a description', 3),
('ENSC90', 'This is a coursename', 'This is a description', 3),
('ENT101', 'This is a coursename', 'This is a description', 3),
('ENT110', 'This is a coursename', 'This is a description', 3),
('ENT125', 'This is a coursename', 'This is a description', 3),
('ENT140', 'This is a coursename', 'This is a description', 3),
('ENT151', 'This is a coursename', 'This is a description', 3),
('ENT172', 'This is a coursename', 'This is a description', 3),
('ENT191', 'This is a coursename', 'This is a description', 3),
('ENT195', 'This is a coursename', 'This is a description', 3),
('FBS101', 'This is a coursename', 'This is a description', 3),
('FBS172', 'This is a coursename', 'This is a description', 3),
('FBS181', 'This is a coursename', 'This is a description', 3),
('FBS21', 'This is a coursename', 'This is a description', 3),
('FBS31', 'This is a coursename', 'This is a description', 3),
('FBS36', 'This is a coursename', 'This is a description', 3),
('FBS45', 'This is a coursename', 'This is a description', 3),
('FIL150', 'This is a coursename', 'This is a description', 3),
('FIL20', 'This is a coursename', 'This is a description', 3),
('FIL21', 'This is a coursename', 'This is a description', 3),
('FOR1', 'This is a coursename', 'This is a description', 3),
('FPPS11', 'This is a coursename', 'This is a description', 3),
('FPPS127', 'This is a coursename', 'This is a description', 3),
('FPPS128', 'This is a coursename', 'This is a description', 3),
('FPPS140', 'This is a coursename', 'This is a description', 3),
('FPPS161', 'This is a coursename', 'This is a description', 3),
('FPPS172', 'This is a coursename', 'This is a description', 3),
('FPPS183', 'This is a coursename', 'This is a description', 3),
('FRCH11', 'This is a coursename', 'This is a description', 3),
('FRM100', 'This is a coursename', 'This is a description', 3),
('FRM104', 'This is a coursename', 'This is a description', 3),
('FRM110', 'This is a coursename', 'This is a description', 3),
('FRM117', 'This is a coursename', 'This is a description', 3),
('FRM119', 'This is a coursename', 'This is a description', 3),
('FRM140', 'This is a coursename', 'This is a description', 3),
('FRM153', 'This is a coursename', 'This is a description', 3),
('FRM167', 'This is a coursename', 'This is a description', 3),
('FRM184', 'This is a coursename', 'This is a description', 3),
('FRM61', 'This is a coursename', 'This is a description', 3),
('FRM92', 'This is a coursename', 'This is a description', 3),
('FST102', 'This is a coursename', 'This is a description', 3),
('FST111', 'This is a coursename', 'This is a description', 3),
('FST130', 'This is a coursename', 'This is a description', 3),
('FST131', 'This is a coursename', 'This is a description', 3),
('FST132', 'This is a coursename', 'This is a description', 3),
('FST140', 'This is a coursename', 'This is a description', 3),
('FST141', 'This is a coursename', 'This is a description', 3),
('FST147', 'This is a coursename', 'This is a description', 3),
('FST161', 'This is a coursename', 'This is a description', 3),
('FST166', 'This is a coursename', 'This is a description', 3),
('FST170', 'This is a coursename', 'This is a description', 3),
('HFDS113', 'This is a coursename', 'This is a description', 3),
('HFDS114', 'This is a coursename', 'This is a description', 3),
('HFDS12', 'This is a coursename', 'This is a description', 3),
('HFDS121', 'This is a coursename', 'This is a description', 3),
('HFDS122', 'This is a coursename', 'This is a description', 3),
('HFDS13', 'This is a coursename', 'This is a description', 3),
('HFDS41', 'This is a coursename', 'This is a description', 3),
('HFDS44', 'This is a coursename', 'This is a description', 3),
('HIST1(SSP)', 'This is a coursename', 'This is a description', 3),
('HIST2(SSP)', 'This is a coursename', 'This is a description', 3),
('HNF11', 'This is a coursename', 'This is a description', 3),
('HNF111', 'This is a coursename', 'This is a description', 3),
('HNF12', 'This is a coursename', 'This is a description', 3),
('HNF123', 'This is a coursename', 'This is a description', 3),
('HNF132', 'This is a coursename', 'This is a description', 3),
('HNF151', 'This is a coursename', 'This is a description', 3),
('HNF152', 'This is a coursename', 'This is a description', 3),
('HNF191', 'This is a coursename', 'This is a description', 3),
('HNF21', 'This is a coursename', 'This is a description', 3),
('HNF41', 'This is a coursename', 'This is a description', 3),
('HNF61', 'This is a coursename', 'This is a description', 3),
('HORT106', 'This is a coursename', 'This is a description', 3),
('HORT109', 'This is a coursename', 'This is a description', 3),
('HORT113', 'This is a coursename', 'This is a description', 3),
('HORT115', 'This is a coursename', 'This is a description', 3),
('HORT116', 'This is a coursename', 'This is a description', 3),
('HORT118', 'This is a coursename', 'This is a description', 3),
('HORT119', 'This is a coursename', 'This is a description', 3),
('HORT125', 'This is a coursename', 'This is a description', 3),
('HORT130', 'This is a coursename', 'This is a description', 3),
('HORT141', 'This is a coursename', 'This is a description', 3),
('HORT145', 'This is a coursename', 'This is a description', 3),
('HORT149', 'This is a coursename', 'This is a description', 3),
('HORT20', 'This is a coursename', 'This is a description', 3),
('HORT30', 'This is a coursename', 'This is a description', 3),
('HORT40', 'This is a coursename', 'This is a description', 3),
('HUM1(AH)', 'This is a coursename', 'This is a description', 3),
('HUM160', 'This is a coursename', 'This is a description', 3),
('HUM170', 'This is a coursename', 'This is a description', 3),
('HUM2(AH)', 'This is a coursename', 'This is a description', 3),
('HUM3(AH)', 'This is a coursename', 'This is a description', 3),
('HUME1', 'This is a coursename', 'This is a description', 3),
('HUME10(SSP)', 'This is a coursename', 'This is a description', 3),
('HUME101', 'This is a coursename', 'This is a description', 3),
('HUME102', 'This is a coursename', 'This is a description', 3),
('HUME103', 'This is a coursename', 'This is a description', 3),
('IE136', 'This is a coursename', 'This is a description', 3),
('IE141', 'This is a coursename', 'This is a description', 3),
('IE150', 'This is a coursename', 'This is a description', 3),
('IE151', 'This is a coursename', 'This is a description', 3),
('IE155', 'This is a coursename', 'This is a description', 3),
('IE181', 'This is a coursename', 'This is a description', 3),
('IE191', 'This is a coursename', 'This is a description', 3),
('IE32', 'This is a coursename', 'This is a description', 3),
('IT1(MST)', 'This is a coursename', 'This is a description', 3),
('JAP11', 'This is a coursename', 'This is a description', 3),
('LTS1', 'This is a coursename', 'This is a description', 3),
('LTS2', 'This is a coursename', 'This is a description', 3),
('MATH1(MST)', 'This is a coursename', 'This is a description', 3),
('MATH101', 'This is a coursename', 'This is a description', 3),
('MATH103', 'This is a coursename', 'This is a description', 3),
('MATH11', 'This is a coursename', 'This is a description', 3),
('MATH112', 'This is a coursename', 'This is a description', 3),
('MATH120', 'This is a coursename', 'This is a description', 3),
('MATH130', 'This is a coursename', 'This is a description', 3),
('MATH135', 'This is a coursename', 'This is a description', 3),
('MATH14', 'This is a coursename', 'This is a description', 3),
('MATH152', 'This is a coursename', 'This is a description', 3),
('MATH156', 'This is a coursename', 'This is a description', 3),
('MATH166', 'This is a coursename', 'This is a description', 3),
('MATH17', 'This is a coursename', 'This is a description', 3),
('MATH175', 'This is a coursename', 'This is a description', 3),
('MATH18', 'This is a coursename', 'This is a description', 3),
('MATH182', 'This is a coursename', 'This is a description', 3),
('MATH192', 'This is a coursename', 'This is a description', 3),
('MATH2(MST)', 'This is a coursename', 'This is a description', 3),
('MATH26', 'This is a coursename', 'This is a description', 3),
('MATH27', 'This is a coursename', 'This is a description', 3),
('MATH28', 'This is a coursename', 'This is a description', 3),
('MATH36', 'This is a coursename', 'This is a description', 3),
('MATH37', 'This is a coursename', 'This is a description', 3),
('MATH38', 'This is a coursename', 'This is a description', 3),
('MCB1', 'This is a coursename', 'This is a description', 3),
('MCB101', 'This is a coursename', 'This is a description', 3),
('MCB102', 'This is a coursename', 'This is a description', 3),
('MCB103', 'This is a coursename', 'This is a description', 3),
('MCB120', 'This is a coursename', 'This is a description', 3),
('MCB130', 'This is a coursename', 'This is a description', 3),
('MCB150', 'This is a coursename', 'This is a description', 3),
('MCB160', 'This is a coursename', 'This is a description', 3),
('MCB180', 'This is a coursename', 'This is a description', 3),
('MCB181', 'This is a coursename', 'This is a description', 3),
('MGT1', 'This is a coursename', 'This is a description', 3),
('MGT101', 'This is a coursename', 'This is a description', 3),
('MGT109', 'This is a coursename', 'This is a description', 3),
('MGT111', 'This is a coursename', 'This is a description', 3),
('MGT113', 'This is a coursename', 'This is a description', 3),
('MGT115', 'This is a coursename', 'This is a description', 3),
('MGT117', 'This is a coursename', 'This is a description', 3),
('MGT121', 'This is a coursename', 'This is a description', 3),
('MGT131', 'This is a coursename', 'This is a description', 3),
('MGT133', 'This is a coursename', 'This is a description', 3),
('MGT141', 'This is a coursename', 'This is a description', 3),
('MGT151', 'This is a coursename', 'This is a description', 3),
('MGT155', 'This is a coursename', 'This is a description', 3),
('MGT161', 'This is a coursename', 'This is a description', 3),
('MGT181', 'This is a coursename', 'This is a description', 3),
('MS42', 'This is a coursename', 'This is a description', 3),
('MST123', 'This is a coursename', 'This is a description', 3),
('NASC1(MST)', 'This is a coursename', 'This is a description', 3),
('NASC10(MST)', 'This is a coursename', 'This is a description', 3),
('NASC2(MST)', 'This is a coursename', 'This is a description', 3),
('NASC3(MST)', 'This is a coursename', 'This is a description', 3),
('NASC4(MST)', 'This is a coursename', 'This is a description', 3),
('NASC5(MST)', 'This is a coursename', 'This is a description', 3),
('NASC6(MST)', 'This is a coursename', 'This is a description', 3),
('NASC7(MST)', 'This is a coursename', 'This is a description', 3),
('NASC8(MST)', 'This is a coursename', 'This is a description', 3),
('NASC9(MST)', 'This is a coursename', 'This is a description', 3),
('PHLO1(SSP)', 'This is a coursename', 'This is a description', 3),
('PHLO171', 'This is a coursename', 'This is a description', 3),
('PHYS1', 'This is a coursename', 'This is a description', 3),
('PHYS121', 'This is a coursename', 'This is a description', 3),
('PHYS13', 'This is a coursename', 'This is a description', 3),
('PHYS131', 'This is a coursename', 'This is a description', 3),
('PHYS170', 'This is a coursename', 'This is a description', 3),
('PHYS192', 'This is a coursename', 'This is a description', 3),
('PHYS3', 'This is a coursename', 'This is a description', 3),
('PHYS82', 'This is a coursename', 'This is a description', 3),
('PHYS83', 'This is a coursename', 'This is a description', 3),
('PI100', 'This is a coursename', 'This is a description', 3),
('POSC1(SSP)', 'This is a coursename', 'This is a description', 3),
('POSC14', 'This is a coursename', 'This is a description', 3),
('PPTH101', 'This is a coursename', 'This is a description', 3),
('PPTH104', 'This is a coursename', 'This is a description', 3),
('PPTH106', 'This is a coursename', 'This is a description', 3),
('PPTH112', 'This is a coursename', 'This is a description', 3),
('PPTH114', 'This is a coursename', 'This is a description', 3),
('PPTH115', 'This is a coursename', 'This is a description', 3),
('PPTH131', 'This is a coursename', 'This is a description', 3),
('PPTH141', 'This is a coursename', 'This is a description', 3),
('PSY1(SSP)', 'This is a coursename', 'This is a description', 3),
('PSY148', 'This is a coursename', 'This is a description', 3),
('PSY155', 'This is a coursename', 'This is a description', 3),
('SDS113', 'This is a coursename', 'This is a description', 3),
('SFFG111', 'This is a coursename', 'This is a description', 3),
('SFFG125', 'This is a coursename', 'This is a description', 3),
('SFFG149', 'This is a coursename', 'This is a description', 3),
('SFFG152', 'This is a coursename', 'This is a description', 3),
('SFFG182', 'This is a coursename', 'This is a description', 3),
('SFI100', 'This is a coursename', 'This is a description', 3),
('SFI101', 'This is a coursename', 'This is a description', 3),
('SFI120', 'This is a coursename', 'This is a description', 3),
('SFI121', 'This is a coursename', 'This is a description', 3),
('SFI122', 'This is a coursename', 'This is a description', 3),
('SFI123', 'This is a coursename', 'This is a description', 3),
('SFI124', 'This is a coursename', 'This is a description', 3),
('SFI133', 'This is a coursename', 'This is a description', 3),
('SFI143', 'This is a coursename', 'This is a description', 3),
('SFI168', 'This is a coursename', 'This is a description', 3),
('SFI172', 'This is a coursename', 'This is a description', 3),
('SFI182', 'This is a coursename', 'This is a description', 3),
('SOC10', 'This is a coursename', 'This is a description', 3),
('SOC110', 'This is a coursename', 'This is a description', 3),
('SOC112', 'This is a coursename', 'This is a description', 3),
('SOC119', 'This is a coursename', 'This is a description', 3),
('SOC129', 'This is a coursename', 'This is a description', 3),
('SOC130', 'This is a coursename', 'This is a description', 3),
('SOC135', 'This is a coursename', 'This is a description', 3),
('SOC140', 'This is a coursename', 'This is a description', 3),
('SOC150', 'This is a coursename', 'This is a description', 3),
('SOC165', 'This is a coursename', 'This is a description', 3),
('SOC175', 'This is a coursename', 'This is a description', 3),
('SOC195', 'This is a coursename', 'This is a description', 3),
('SOIL1', 'This is a coursename', 'This is a description', 3),
('SOIL110', 'This is a coursename', 'This is a description', 3),
('SOIL130', 'This is a coursename', 'This is a description', 3),
('SOIL140', 'This is a coursename', 'This is a description', 3),
('SOIL142', 'This is a coursename', 'This is a description', 3),
('SOIL150', 'This is a coursename', 'This is a description', 3),
('SOIL151', 'This is a coursename', 'This is a description', 3),
('SOIL160', 'This is a coursename', 'This is a description', 3),
('SOSC1(SSP)', 'This is a coursename', 'This is a description', 3),
('SOSC2(SSP)', 'This is a coursename', 'This is a description', 3),
('SOSC3(SSP)', 'This is a coursename', 'This is a description', 3),
('SPANI', 'This is a coursename', 'This is a description', 3),
('SPANII', 'This is a coursename', 'This is a description', 3),
('SPCM1(AH)', 'This is a coursename', 'This is a description', 3),
('SPCM102', 'This is a coursename', 'This is a description', 3),
('SPCM103', 'This is a coursename', 'This is a description', 3),
('SPCM104', 'This is a coursename', 'This is a description', 3),
('SPCM105', 'This is a coursename', 'This is a description', 3),
('SPCM107', 'This is a coursename', 'This is a description', 3),
('STAT1', 'This is a coursename', 'This is a description', 3),
('STAT101', 'This is a coursename', 'This is a description', 3),
('STAT144', 'This is a coursename', 'This is a description', 3),
('STAT145', 'This is a coursename', 'This is a description', 3),
('STAT146', 'This is a coursename', 'This is a description', 3),
('STAT151', 'This is a coursename', 'This is a description', 3),
('STAT156', 'This is a coursename', 'This is a description', 3),
('STAT162', 'This is a coursename', 'This is a description', 3),
('STAT163', 'This is a coursename', 'This is a description', 3),
('STAT164', 'This is a coursename', 'This is a description', 3),
('STAT166', 'This is a coursename', 'This is a description', 3),
('STAT167', 'This is a coursename', 'This is a description', 3),
('STAT182', 'This is a coursename', 'This is a description', 3),
('STAT191', 'This is a coursename', 'This is a description', 3),
('STS1', 'This is a coursename', 'This is a description', 3),
('STS10(MST)', 'This is a coursename', 'This is a description', 3),
('SUTC154', 'This is a coursename', 'This is a description', 3),
('SUTC170', 'This is a coursename', 'This is a description', 3),
('SUTC181', 'This is a coursename', 'This is a description', 3),
('SUTC185', 'This is a coursename', 'This is a description', 3),
('SUTC193', 'This is a coursename', 'This is a description', 3),
('THEA107', 'This is a coursename', 'This is a description', 3),
('THEA109', 'This is a coursename', 'This is a description', 3),
('THEA115', 'This is a coursename', 'This is a description', 3),
('WLDL155', 'This is a coursename', 'This is a description', 3),
('ZOO1', 'This is a coursename', 'This is a description', 3),
('ZOO11', 'This is a coursename', 'This is a description', 3),
('ZOO113', 'This is a coursename', 'This is a description', 3),
('ZOO115', 'This is a coursename', 'This is a description', 3),
('ZOO117', 'This is a coursename', 'This is a description', 3),
('ZOO120', 'This is a coursename', 'This is a description', 3),
('ZOO140', 'This is a coursename', 'This is a description', 3),
('ZOO146', 'This is a coursename', 'This is a description', 3),
('ZOO148', 'This is a coursename', 'This is a description', 3),
('ZOO173', 'This is a coursename', 'This is a description', 3),
('ZOO180', 'This is a coursename', 'This is a description', 3),
('ZOO185', 'This is a coursename', 'This is a description', 3),
('ZOO191', 'This is a coursename', 'This is a description', 3),
('ZOTC113', 'This is a coursename', 'This is a description', 3),
('ZOTC114', 'This is a coursename', 'This is a description', 3),
('ZOTC116', 'This is a coursename', 'This is a description', 3),
('ZOTC117', 'This is a coursename', 'This is a description', 3);

-- --------------------------------------------------------

--
-- Table structure for table `degree`
--

CREATE TABLE IF NOT EXISTS `degree` (
  `degreename` varchar(100) NOT NULL,
  `offeringcollege` varchar(100) NOT NULL,
  `offeringdepartment` varchar(100) NOT NULL,
  PRIMARY KEY (`degreename`)
) ENGINE=InnoDB DEFAULT CHARSET=latin1;

--
-- Dumping data for table `degree`
--

INSERT INTO `degree` (`degreename`, `offeringcollege`, `offeringdepartment`) VALUES
('BACA', 'CA', 'ICS'),
('BAP', 'CAS', 'ICS'),
('BAS', 'CAS', 'ICS'),
('BSA', 'CEAT', 'ICS'),
('BSAB', 'CEAT', 'ICS'),
('BSABE', 'CAS', 'ICS'),
('BSABM', 'CAS', 'IC'),
('BSAC', 'CAS', 'IC'),
('BSAE', 'CA', 'IBS'),
('BSAM', 'CAS', 'ICS'),
('BSAP', 'CAS', 'ICS'),
('BSB', 'CAS', 'ICS'),
('BSC', 'CEAT', 'ICS'),
('BSCE', 'CDC', 'ICS'),
('BSChE', 'CAS', 'ICS'),
('BSCS', 'CEAT', 'ICS'),
('BSDC', 'CAS', 'IBS'),
('BSE', 'CAS', 'ICS'),
('BSEE', 'CEAT', 'ICS'),
('BSF', 'CAS', 'IC'),
('BSFT', 'CAS', 'ICS'),
('BSHE', 'CEAT', 'ICS'),
('BSIE', 'CAS', 'ICS'),
('BSM', 'CA', 'ICS'),
('BSMST', 'CAS', 'ICS'),
('BSN', 'CAS', 'IBS'),
('BSS', 'CDC', 'IC'),
('DVM', 'CAS', 'ICS');

-- --------------------------------------------------------

--
-- Table structure for table `semcourse`
--

CREATE TABLE IF NOT EXISTS `semcourse` (
  `coursecode` varchar(100) NOT NULL,
  `semoffered` varchar(100) NOT NULL,
  PRIMARY KEY (`coursecode`,`semoffered`)
) ENGINE=InnoDB DEFAULT CHARSET=latin1;

--
-- Dumping data for table `semcourse`
--

INSERT INTO `semcourse` (`coursecode`, `semoffered`) VALUES
('ABM103', '1st'),
('ABM103', '2nd'),
('ABM103', 'sum'),
('ABM171', '1st'),
('ABM171', '2nd'),
('ABM171', 'sum'),
('ABM180', '1st'),
('ABM180', 'sum'),
('ABT101', '2nd'),
('AECO103', '1st'),
('AECO103', '2nd'),
('AECO104', '1st'),
('AECO111', '2nd'),
('AECO111', 'sum'),
('AECO112', '1st'),
('AECO112', 'sum'),
('AECO120', '1st'),
('AECO120', 'sum'),
('AECO121', '1st'),
('AECO121', '2nd'),
('AECO121', 'sum'),
('AECO122', '1st'),
('AECO122', '2nd'),
('AECO123', '1st'),
('AECO123', 'sum'),
('AECO130', '1st'),
('AECO130', '2nd'),
('AECO130', 'sum'),
('AECO140', '1st'),
('AECO141', '1st'),
('AECO141', '2nd'),
('AECO150', '1st'),
('AECO151', '1st'),
('AECO151', '2nd'),
('AECO151', 'sum'),
('AECO160', '1st'),
('AENG1', '1st'),
('AENG11', '1st'),
('AENG11', 'sum'),
('AENG131', '1st'),
('AENG131', 'sum'),
('AENG132', '2nd'),
('AENG140', '1st'),
('AENG140', '2nd'),
('AENG144', '1st'),
('AENG144', 'sum'),
('AENG145', '1st'),
('AENG145', '2nd'),
('AENG145', 'sum'),
('AENG151', '1st'),
('AENG151', '2nd'),
('AENG153', '1st'),
('AENG153', '2nd'),
('AENG153', 'sum'),
('AENG155', '1st'),
('AENG160', '1st'),
('AENG160', 'sum'),
('AENG165', '1st'),
('AENG165', '2nd'),
('AENG168', 'sum'),
('AENG181', '1st'),
('AENG181', 'sum'),
('AENG2', 'sum'),
('AENG30', 'sum'),
('AENG31', '2nd'),
('AENG31', 'sum'),
('AENG37', '1st'),
('AENG40', '2nd'),
('AENG41', '1st'),
('AENG42', '1st'),
('AENG42', 'sum'),
('AENG51', 'sum'),
('AENG52', '1st'),
('AENG52', 'sum'),
('AENG60', '1st'),
('AENG60', 'sum'),
('AENG61', '1st'),
('AENG62', '1st'),
('AENG62', 'sum'),
('AENG70', '1st'),
('AENG70', '2nd'),
('AENG90', '1st'),
('AERS154', '1st'),
('AERS154', '2nd'),
('AERS160', '1st'),
('AERS160', '2nd'),
('AGME150', '1st'),
('AGME150', '2nd'),
('AGME150', 'sum'),
('AGR112', '1st'),
('AGR112', '2nd'),
('AGR114', '1st'),
('AGR114', 'sum'),
('AGR116', '1st'),
('AGR116', 'sum'),
('AGR133', '1st'),
('AGR141', '1st'),
('AGR150', '1st'),
('AGR150', 'sum'),
('AGR152', '1st'),
('AGR152', 'sum'),
('AGR50', '1st'),
('AGRI111', '2nd'),
('AGRI121', '2nd'),
('AGRI121', 'sum'),
('AGRI195', '1st'),
('AGRS115', '1st'),
('AGRS115', 'sum'),
('AMAT110', '1st'),
('AMAT110', '2nd'),
('AMAT110', 'sum'),
('AMAT115', '1st'),
('AMAT150', '1st'),
('AMAT150', '2nd'),
('AMAT161', 'sum'),
('AMAT162', '2nd'),
('AMAT168', '1st'),
('AMAT170', 'sum'),
('AMAT172', '1st'),
('AMAT172', '2nd'),
('AMAT191a', '2nd'),
('AMAT191a', 'sum'),
('AMAT191b', '1st'),
('AMAT191b', '2nd'),
('AMAT191b', 'sum'),
('ANSC1', '1st'),
('ANSC101', '1st'),
('ANSC102', '1st'),
('ANSC102', '2nd'),
('ANSC102', 'sum'),
('ANSC103', '1st'),
('ANSC103', '2nd'),
('ANSC104', '1st'),
('ANSC104', '2nd'),
('ANSC105', '1st'),
('ANSC105', '2nd'),
('ANSC106', '1st'),
('ANSC116', '2nd'),
('ANSC116', 'sum'),
('ANSC121', '1st'),
('ANSC121', 'sum'),
('ANSC122', '1st'),
('ANSC122', '2nd'),
('ANSC131', '1st'),
('ANSC131', '2nd'),
('ANSC171', '1st'),
('ANSC171', '2nd'),
('ANSC171', 'sum'),
('ANSC191', '2nd'),
('ANSC2', '1st'),
('ANSC2', '2nd'),
('ANSC70', '1st'),
('ANTH10', '1st'),
('APHY103', '2nd'),
('APHY104', '1st'),
('APHY104', '2nd'),
('APHY131', '2nd'),
('APHY140', '1st'),
('APHY191', '2nd'),
('BIO1', '1st'),
('BIO1', 'sum'),
('BIO101', '1st'),
('BIO101', '2nd'),
('BIO101', 'sum'),
('BIO120', '2nd'),
('BIO130a', '1st'),
('BIO130a', '2nd'),
('BIO130b', '1st'),
('BIO130b', '2nd'),
('BIO130b', 'sum'),
('BIO131', '1st'),
('BIO131', '2nd'),
('BIO131', 'sum'),
('BIO140', '1st'),
('BIO140', '2nd'),
('BIO140', 'sum'),
('BIO150', '2nd'),
('BIO150', 'sum'),
('BIO151', 'sum'),
('BIO159', '1st'),
('BIO159', '2nd'),
('BIO180', '1st'),
('BIO180', '2nd'),
('BIO191', 'sum'),
('BIO192', '1st'),
('BIO192', '2nd'),
('BIO2', '1st'),
('BIO2', '2nd'),
('BIO2', 'sum'),
('BIO3', '1st'),
('BIO3', '2nd'),
('BIO30', '1st'),
('BIO30', '2nd'),
('BIO70', '1st'),
('BIO70', '2nd'),
('BIO70', 'sum'),
('BOT101', '1st'),
('BOT132', '1st'),
('BOT132', 'sum'),
('BOT140', '1st'),
('BOT140', 'sum'),
('BOT142', 'sum'),
('BOT150', '1st'),
('BOT20', '1st'),
('BOT20', '2nd'),
('BOT3', '1st'),
('BOT3', '2nd'),
('BOT3', 'sum'),
('CE12', '1st'),
('CE12', 'sum'),
('CE122', 'sum'),
('CE131', '1st'),
('CE132', '1st'),
('CE132', 'sum'),
('CE134', '1st'),
('CE134', '2nd'),
('CE134', 'sum'),
('CE135', '1st'),
('CE135', 'sum'),
('CE136', '1st'),
('CE136', '2nd'),
('CE136', 'sum'),
('CE137', '1st'),
('CE137', '2nd'),
('CE152', '1st'),
('CE152', 'sum'),
('CE161', '1st'),
('CE161', '2nd'),
('CE161', 'sum'),
('CE162', '1st'),
('CE162', '2nd'),
('CE171', '1st'),
('CERP11', '1st'),
('CERP122', '1st'),
('CERP122', '2nd'),
('CERP122', 'sum'),
('CERP133', '1st'),
('CERP134', '1st'),
('CERP134', '2nd'),
('CERP152', '1st'),
('CERP152', '2nd'),
('CERP21', '1st'),
('ChE143', '1st'),
('ChE143', '2nd'),
('ChE147', '2nd'),
('ChE147', 'sum'),
('ChE149', '1st'),
('ChE152', '1st'),
('ChE152', '2nd'),
('ChE155', '1st'),
('ChE155', 'sum'),
('ChE156', '1st'),
('ChE156', '2nd'),
('ChE156', 'sum'),
('ChE170', '1st'),
('ChE170', '2nd'),
('ChE172', '1st'),
('ChE172', '2nd'),
('ChE172', 'sum'),
('ChE180', 'sum'),
('ChE185', '1st'),
('ChE185', '2nd'),
('ChE191', '1st'),
('ChE191', 'sum'),
('ChE193', '1st'),
('ChE193', '2nd'),
('ChE193', 'sum'),
('ChE41', '1st'),
('ChE41', '2nd'),
('CHEM102', '2nd'),
('CHEM102', 'sum'),
('CHEM111', '1st'),
('CHEM111', '2nd'),
('CHEM111', 'sum'),
('CHEM111.1', '1st'),
('CHEM111.1', '2nd'),
('CHEM111.1', 'sum'),
('CHEM112', '1st'),
('CHEM112', '2nd'),
('CHEM112.1', '1st'),
('CHEM112.1', '2nd'),
('CHEM115', '2nd'),
('CHEM120.1', '1st'),
('CHEM131', '1st'),
('CHEM131', '2nd'),
('CHEM133', '1st'),
('CHEM133', 'sum'),
('CHEM137', '1st'),
('CHEM137', 'sum'),
('CHEM137.1', '1st'),
('CHEM137.1', '2nd'),
('CHEM140', '1st'),
('CHEM140', '2nd'),
('CHEM15', '1st'),
('CHEM15', '2nd'),
('CHEM15', 'sum'),
('CHEM15.1', '1st'),
('CHEM15.1', '2nd'),
('CHEM160', '1st'),
('CHEM160.1', '1st'),
('CHEM160.1', '2nd'),
('CHEM160.1', 'sum'),
('CHEM161.1', '1st'),
('CHEM161.1', '2nd'),
('CHEM162', '1st'),
('CHEM162', 'sum'),
('CHEM17', '1st'),
('CHEM17', '2nd'),
('CHEM17.1', '1st'),
('CHEM17.1', '2nd'),
('CHEM17.1', 'sum'),
('CHEM171', '1st'),
('CHEM171', '2nd'),
('CHEM173', '1st'),
('CHEM173', '2nd'),
('CHEM173', 'sum'),
('CHEM180', '1st'),
('CHEM180', '2nd'),
('CHEM180', 'sum'),
('CHEM185', '1st'),
('CHEM185', '2nd'),
('CHEM185', 'sum'),
('CHEM192', '1st'),
('CHEM192', '2nd'),
('CHEM32', '1st'),
('CHEM32', '2nd'),
('CHEM32.1', '1st'),
('CHEM32.1', '2nd'),
('CHEM40', '1st'),
('CHEM40', '2nd'),
('CHEM40', 'sum'),
('CHEM40.1', '1st'),
('CHEM43', '1st'),
('CHEM43', '2nd'),
('CHEM44', '2nd'),
('CHEM44', 'sum'),
('CHEM44.1', 'sum'),
('CMSC11', '1st'),
('CMSC11', 'sum'),
('CMSC123', '1st'),
('CMSC125', 'sum'),
('CMSC128', '1st'),
('CMSC128', 'sum'),
('CMSC130', '1st'),
('CMSC130', '2nd'),
('CMSC141', '1st'),
('CMSC141', '2nd'),
('CMSC141', 'sum'),
('CMSC142', '1st'),
('CMSC161', 'sum'),
('CMSC170', '1st'),
('CMSC2', '1st'),
('CMSC2', '2nd'),
('CMSC2', 'sum'),
('CMSC21', '1st'),
('CMSC21', '2nd'),
('CMSC21', 'sum'),
('CMSC22', '1st'),
('CMSC22', '2nd'),
('CMSC56', '1st'),
('CMSC56', '2nd'),
('CMSC56', 'sum'),
('COMA104', '1st'),
('COMA192', '1st'),
('COMA192', '2nd'),
('COMA193', '1st'),
('COMA193', 'sum'),
('CRPT1', '1st'),
('CRPT1', '2nd'),
('CRPT1', 'sum'),
('CRPT2', '1st'),
('CRPT2', '2nd'),
('CRSC1', '1st'),
('CRSC2', '2nd'),
('CRSC2', 'sum'),
('CWTS1', '1st'),
('CWTS1', '2nd'),
('CWTS1', 'sum'),
('CWTS2', '1st'),
('DEVC10', '2nd'),
('DEVC102', '1st'),
('DEVC102', 'sum'),
('DEVC11', '1st'),
('DEVC11', '2nd'),
('DEVC11', 'sum'),
('DEVC123', '1st'),
('DEVC124', '1st'),
('DEVC124', '2nd'),
('DEVC131', '1st'),
('DEVC131', '2nd'),
('DEVC131', 'sum'),
('DEVC132', 'sum'),
('DEVC134', '2nd'),
('DEVC134', 'sum'),
('DEVC140', '1st'),
('DEVC140', '2nd'),
('DEVC142', '1st'),
('DEVC143', '1st'),
('DEVC151', '2nd'),
('DEVC152', '2nd'),
('DEVC152', 'sum'),
('DEVC180', '1st'),
('DEVC180', '2nd'),
('DEVC180', 'sum'),
('DEVC197', '1st'),
('DEVC197', 'sum'),
('DEVC20', '2nd'),
('DEVC20', 'sum'),
('DEVC70', '1st'),
('DEVC70', '2nd'),
('DEVC80', '1st'),
('DEVC80', '2nd'),
('ECON101', '1st'),
('ECON101', 'sum'),
('ECON102', '1st'),
('ECON103', '1st'),
('ECON103', '2nd'),
('ECON103', 'sum'),
('ECON104', '1st'),
('ECON104', '2nd'),
('ECON104', 'sum'),
('ECON11', '2nd'),
('ECON11', 'sum'),
('ECON110', '2nd'),
('ECON121', '1st'),
('ECON121', '2nd'),
('ECON130', '1st'),
('ECON130', 'sum'),
('ECON137', '1st'),
('ECON141', '1st'),
('ECON141', '2nd'),
('ECON151', '1st'),
('ECON151', '2nd'),
('ECON172', '2nd'),
('ECON181', 'sum'),
('ECON185', '1st'),
('ECON185', '2nd'),
('EDUC102', 'sum'),
('EDUC11', '1st'),
('EDUC122', '1st'),
('EDUC122', '2nd'),
('EDUC44', '2nd'),
('EE1', '1st'),
('EE1', '2nd'),
('EE11', 'sum'),
('EE12', '2nd'),
('EE12', 'sum'),
('EE120', '1st'),
('EE120', 'sum'),
('EE126', '1st'),
('EE130', '2nd'),
('EE131', '1st'),
('EE141', 'sum'),
('EE145', '1st'),
('EE145', 'sum'),
('EE15', '1st'),
('EE15', '2nd'),
('EE151', '1st'),
('EE151', '2nd'),
('EE151', 'sum'),
('EE158', '1st'),
('EE158', '2nd'),
('EE159', '1st'),
('EE160', '1st'),
('EE160', '2nd'),
('EE165', '1st'),
('EE170', '2nd'),
('EE170', 'sum'),
('EE171', '1st'),
('EE171', '2nd'),
('EE179', '1st'),
('EE179', '2nd'),
('EE18', '1st'),
('EE18', '2nd'),
('EE181', '1st'),
('EE21', '1st'),
('EE21', '2nd'),
('EE41', '1st'),
('EE41', '2nd'),
('EE41', 'sum'),
('ENG1(AH)', 'sum'),
('ENG10', '1st'),
('ENG10', 'sum'),
('ENG102', '1st'),
('ENG102', '2nd'),
('ENG102', 'sum'),
('ENG103', '1st'),
('ENG103', '2nd'),
('ENG103', 'sum'),
('ENG104', '1st'),
('ENG104', '2nd'),
('ENG105', '1st'),
('ENG105', 'sum'),
('ENG107', '1st'),
('ENG107', '2nd'),
('ENG2(AH)', '1st'),
('ENG2(AH)', '2nd'),
('ENG4', '2nd'),
('ENSC10a', '1st'),
('ENSC10a', 'sum'),
('ENSC11', 'sum'),
('ENSC12', '1st'),
('ENSC12', '2nd'),
('ENSC13', '1st'),
('ENSC13', '2nd'),
('ENSC13', 'sum'),
('ENSC14', '2nd'),
('ENSC14', 'sum'),
('ENSC14a', '1st'),
('ENSC15', '1st'),
('ENSC15', '2nd'),
('ENSC16', '1st'),
('ENSC16b', '1st'),
('ENSC16b', '2nd'),
('ENSC16b', 'sum'),
('ENSC17', '1st'),
('ENSC17', '2nd'),
('ENSC21', '1st'),
('ENSC21', '2nd'),
('ENSC26', '1st'),
('ENSC26', 'sum'),
('ENSC90', '1st'),
('ENSC90', '2nd'),
('ENT101', '1st'),
('ENT110', '1st'),
('ENT125', '2nd'),
('ENT140', '1st'),
('ENT140', '2nd'),
('ENT151', '1st'),
('ENT172', '1st'),
('ENT191', '1st'),
('ENT191', 'sum'),
('ENT195', '1st'),
('ENT195', '2nd'),
('ENT195', 'sum'),
('FBS101', '1st'),
('FBS101', '2nd'),
('FBS172', '1st'),
('FBS172', 'sum'),
('FBS181', '1st'),
('FBS181', 'sum'),
('FBS21', '1st'),
('FBS21', '2nd'),
('FBS21', 'sum'),
('FBS31', 'sum'),
('FBS36', '1st'),
('FBS36', '2nd'),
('FBS36', 'sum'),
('FBS45', '1st'),
('FBS45', 'sum'),
('FIL20', '1st'),
('FIL21', '1st'),
('FOR1', '1st'),
('FOR1', 'sum'),
('FPPS11', 'sum'),
('FPPS127', '1st'),
('FPPS127', '2nd'),
('FPPS128', '1st'),
('FPPS128', '2nd'),
('FPPS140', 'sum'),
('FPPS161', '1st'),
('FPPS161', 'sum'),
('FPPS172', '1st'),
('FPPS172', 'sum'),
('FPPS183', '2nd'),
('FRM100', '1st'),
('FRM100', '2nd'),
('FRM110', '2nd'),
('FRM110', 'sum'),
('FRM117', '1st'),
('FRM119', '1st'),
('FRM119', '2nd'),
('FRM140', '1st'),
('FRM140', '2nd'),
('FRM153', '1st'),
('FRM153', 'sum'),
('FRM167', '2nd'),
('FRM167', 'sum'),
('FRM184', '1st'),
('FRM184', 'sum'),
('FRM61', '1st'),
('FRM92', '1st'),
('FRM92', '2nd'),
('FRM92', 'sum'),
('FST102', '2nd'),
('FST111', '1st'),
('FST111', '2nd'),
('FST111', 'sum'),
('FST130', '1st'),
('FST130', '2nd'),
('FST131', '1st'),
('FST131', 'sum'),
('FST132', '1st'),
('FST132', '2nd'),
('FST132', 'sum'),
('FST140', '1st'),
('FST140', 'sum'),
('FST141', '1st'),
('FST141', '2nd'),
('FST147', '1st'),
('FST147', '2nd'),
('FST147', 'sum'),
('FST161', '1st'),
('FST161', '2nd'),
('FST166', '2nd'),
('FST170', '1st'),
('FST170', '2nd'),
('FST170', 'sum'),
('HFDS113', 'sum'),
('HFDS114', '1st'),
('HFDS114', '2nd'),
('HFDS114', 'sum'),
('HFDS12', '1st'),
('HFDS12', '2nd'),
('HFDS121', '1st'),
('HFDS121', 'sum'),
('HFDS122', '1st'),
('HFDS122', '2nd'),
('HFDS13', '1st'),
('HFDS41', '1st'),
('HFDS41', 'sum'),
('HFDS44', '1st'),
('HFDS44', 'sum'),
('HIST1(SSP)', '1st'),
('HIST1(SSP)', 'sum'),
('HIST2(SSP)', '1st'),
('HIST2(SSP)', 'sum'),
('HNF11', 'sum'),
('HNF111', '1st'),
('HNF111', '2nd'),
('HNF111', 'sum'),
('HNF12', '2nd'),
('HNF12', 'sum'),
('HNF132', '1st'),
('HNF151', '1st'),
('HNF151', '2nd'),
('HNF191', '1st'),
('HNF191', '2nd'),
('HNF21', '1st'),
('HNF41', '1st'),
('HNF41', '2nd'),
('HNF61', '1st'),
('HNF61', '2nd'),
('HNF61', 'sum'),
('HORT106', '1st'),
('HORT109', '1st'),
('HORT113', '1st'),
('HORT115', '1st'),
('HORT115', '2nd'),
('HORT116', '1st'),
('HORT118', '1st'),
('HORT118', '2nd'),
('HORT119', '1st'),
('HORT119', '2nd'),
('HORT125', '2nd'),
('HORT125', 'sum'),
('HORT130', '1st'),
('HORT141', '1st'),
('HORT141', '2nd'),
('HORT145', '1st'),
('HORT145', '2nd'),
('HORT145', 'sum'),
('HORT149', '1st'),
('HORT20', '1st'),
('HORT30', '2nd'),
('HORT30', 'sum'),
('HORT40', '1st'),
('HORT40', '2nd'),
('HORT40', 'sum'),
('HUM1(AH)', '1st'),
('HUM160', '1st'),
('HUM160', 'sum'),
('HUM2(AH)', 'sum'),
('HUM3(AH)', '1st'),
('HUM3(AH)', '2nd'),
('HUM3(AH)', 'sum'),
('HUME1', '1st'),
('HUME1', '2nd'),
('HUME10(SSP)', '1st'),
('HUME10(SSP)', '2nd'),
('HUME10(SSP)', 'sum'),
('HUME102', '1st'),
('HUME103', '1st'),
('HUME103', '2nd'),
('IE136', '1st'),
('IE136', '2nd'),
('IE136', 'sum'),
('IE141', '1st'),
('IE141', '2nd'),
('IE150', '2nd'),
('IE151', 'sum'),
('IE155', '1st'),
('IE155', '2nd'),
('IE155', 'sum'),
('IE181', '1st'),
('IE181', 'sum'),
('IE191', '1st'),
('IE191', '2nd'),
('IE191', 'sum'),
('IE32', '1st'),
('IE32', 'sum'),
('IT1(MST)', '1st'),
('IT1(MST)', '2nd'),
('IT1(MST)', 'sum'),
('JAP11', '1st'),
('JAP11', 'sum'),
('LTS1', '1st'),
('LTS1', '2nd'),
('LTS2', '1st'),
('LTS2', '2nd'),
('LTS2', 'sum'),
('MATH1(MST)', '1st'),
('MATH1(MST)', '2nd'),
('MATH101', '2nd'),
('MATH103', '1st'),
('MATH103', 'sum'),
('MATH11', '1st'),
('MATH11', 'sum'),
('MATH112', '2nd'),
('MATH112', 'sum'),
('MATH120', '1st'),
('MATH130', 'sum'),
('MATH135', '1st'),
('MATH135', '2nd'),
('MATH14', '1st'),
('MATH14', '2nd'),
('MATH14', 'sum'),
('MATH152', '1st'),
('MATH156', '1st'),
('MATH156', 'sum'),
('MATH166', '2nd'),
('MATH166', 'sum'),
('MATH17', '1st'),
('MATH17', 'sum'),
('MATH175', '1st'),
('MATH175', 'sum'),
('MATH18', '1st'),
('MATH182', '1st'),
('MATH182', 'sum'),
('MATH192', '1st'),
('MATH192', '2nd'),
('MATH192', 'sum'),
('MATH2(MST)', '1st'),
('MATH2(MST)', 'sum'),
('MATH26', '1st'),
('MATH26', 'sum'),
('MATH27', '1st'),
('MATH28', '1st'),
('MATH36', '2nd'),
('MATH36', 'sum'),
('MATH37', '1st'),
('MATH37', 'sum'),
('MATH38', '1st'),
('MCB1', '1st'),
('MCB1', '2nd'),
('MCB1', 'sum'),
('MCB101', '1st'),
('MCB101', '2nd'),
('MCB102', '1st'),
('MCB102', 'sum'),
('MCB103', '1st'),
('MCB103', 'sum'),
('MCB120', '1st'),
('MCB130', '1st'),
('MCB150', '1st'),
('MCB150', '2nd'),
('MCB160', '1st'),
('MCB180', '1st'),
('MCB181', '1st'),
('MCB181', 'sum'),
('MGT1', '1st'),
('MGT1', '2nd'),
('MGT1', 'sum'),
('MGT101', 'sum'),
('MGT109', 'sum'),
('MGT111', '1st'),
('MGT111', '2nd'),
('MGT111', 'sum'),
('MGT115', '2nd'),
('MGT117', '1st'),
('MGT117', '2nd'),
('MGT121', '2nd'),
('MGT131', '1st'),
('MGT131', '2nd'),
('MGT133', '1st'),
('MGT133', '2nd'),
('MGT141', '2nd'),
('MGT141', 'sum'),
('MGT151', '1st'),
('MGT151', 'sum'),
('MGT155', '1st'),
('MGT161', '1st'),
('MGT161', '2nd'),
('MGT181', '1st'),
('MS42', '1st'),
('MS42', 'sum'),
('MST123', '1st'),
('NASC1(MST)', '2nd'),
('NASC1(MST)', 'sum'),
('NASC10(MST)', '1st'),
('NASC10(MST)', '2nd'),
('NASC10(MST)', 'sum'),
('NASC2(MST)', '1st'),
('NASC2(MST)', '2nd'),
('NASC3(MST)', '1st'),
('NASC3(MST)', '2nd'),
('NASC3(MST)', 'sum'),
('NASC5(MST)', '1st'),
('NASC6(MST)', '1st'),
('NASC6(MST)', '2nd'),
('NASC7(MST)', '1st'),
('NASC7(MST)', '2nd'),
('NASC7(MST)', 'sum'),
('NASC8(MST)', '2nd'),
('NASC9(MST)', '1st'),
('PHLO1(SSP)', '1st'),
('PHLO1(SSP)', '2nd'),
('PHLO1(SSP)', 'sum'),
('PHLO171', '1st'),
('PHLO171', '2nd'),
('PHYS1', '1st'),
('PHYS121', 'sum'),
('PHYS13', '1st'),
('PHYS131', '1st'),
('PHYS170', '1st'),
('PHYS170', '2nd'),
('PHYS192', '1st'),
('PHYS192', '2nd'),
('PHYS3', '1st'),
('PHYS3', 'sum'),
('PHYS82', '1st'),
('PHYS82', '2nd'),
('PHYS82', 'sum'),
('PHYS83', '2nd'),
('PHYS83', 'sum'),
('PI100', '1st'),
('POSC1(SSP)', '1st'),
('POSC1(SSP)', '2nd'),
('POSC14', '1st'),
('POSC14', 'sum'),
('PPTH101', '1st'),
('PPTH104', '1st'),
('PPTH104', '2nd'),
('PPTH106', '1st'),
('PPTH106', 'sum'),
('PPTH112', '1st'),
('PPTH114', '1st'),
('PPTH114', '2nd'),
('PPTH114', 'sum'),
('PPTH115', '1st'),
('PPTH115', 'sum'),
('PPTH131', '1st'),
('PPTH131', 'sum'),
('PPTH141', '2nd'),
('PPTH141', 'sum'),
('PSY1(SSP)', '1st'),
('PSY1(SSP)', '2nd'),
('PSY1(SSP)', 'sum'),
('PSY148', '1st'),
('PSY148', '2nd'),
('PSY155', '1st'),
('PSY155', '2nd'),
('SDS113', 'sum'),
('SFFG111', '1st'),
('SFFG111', 'sum'),
('SFFG125', '1st'),
('SFFG125', 'sum'),
('SFFG149', '1st'),
('SFFG152', '1st'),
('SFFG182', '1st'),
('SFFG182', '2nd'),
('SFI100', '2nd'),
('SFI100', 'sum'),
('SFI101', '1st'),
('SFI101', '2nd'),
('SFI120', '1st'),
('SFI120', 'sum'),
('SFI121', 'sum'),
('SFI122', '1st'),
('SFI123', '1st'),
('SFI124', 'sum'),
('SFI133', '1st'),
('SFI133', '2nd'),
('SFI133', 'sum'),
('SFI143', 'sum'),
('SFI168', '1st'),
('SFI172', '1st'),
('SFI172', 'sum'),
('SFI182', '1st'),
('SFI182', '2nd'),
('SFI182', 'sum'),
('SOC10', '1st'),
('SOC10', 'sum'),
('SOC110', '2nd'),
('SOC110', 'sum'),
('SOC112', '2nd'),
('SOC112', 'sum'),
('SOC119', '2nd'),
('SOC129', '1st'),
('SOC129', '2nd'),
('SOC129', 'sum'),
('SOC140', '1st'),
('SOC140', 'sum'),
('SOC150', '1st'),
('SOC165', '2nd'),
('SOC175', 'sum'),
('SOC195', 'sum'),
('SOIL1', 'sum'),
('SOIL110', '1st'),
('SOIL110', '2nd'),
('SOIL130', '1st'),
('SOIL140', '1st'),
('SOIL142', '1st'),
('SOIL150', '1st'),
('SOIL151', 'sum'),
('SOIL160', '2nd'),
('SOIL160', 'sum'),
('SOSC1(SSP)', '1st'),
('SOSC2(SSP)', '2nd'),
('SOSC2(SSP)', 'sum'),
('SPANII', '1st'),
('SPANII', 'sum'),
('SPCM1(AH)', '1st'),
('SPCM1(AH)', 'sum'),
('SPCM102', '1st'),
('SPCM102', 'sum'),
('SPCM103', '2nd'),
('SPCM103', 'sum'),
('SPCM104', 'sum'),
('SPCM105', '1st'),
('SPCM107', '1st'),
('SPCM107', '2nd'),
('STAT1', '2nd'),
('STAT1', 'sum'),
('STAT101', '1st'),
('STAT101', '2nd'),
('STAT144', '1st'),
('STAT144', '2nd'),
('STAT146', '1st'),
('STAT146', 'sum'),
('STAT151', '2nd'),
('STAT151', 'sum'),
('STAT156', '1st'),
('STAT156', 'sum'),
('STAT162', '1st'),
('STAT162', '2nd'),
('STAT163', '1st'),
('STAT163', '2nd'),
('STAT164', '1st'),
('STAT164', 'sum'),
('STAT166', '1st'),
('STAT166', 'sum'),
('STAT167', 'sum'),
('STAT182', '1st'),
('STAT182', '2nd'),
('STAT182', 'sum'),
('STAT191', '1st'),
('STS1', '1st'),
('STS10(MST)', '1st'),
('SUTC154', '1st'),
('SUTC154', '2nd'),
('SUTC154', 'sum'),
('SUTC181', '1st'),
('SUTC181', '2nd'),
('SUTC185', '2nd'),
('SUTC193', '1st'),
('SUTC193', '2nd'),
('SUTC193', 'sum'),
('THEA107', '1st'),
('THEA107', '2nd'),
('THEA109', '1st'),
('THEA109', 'sum'),
('THEA115', '2nd'),
('THEA115', 'sum'),
('WLDL155', '1st'),
('WLDL155', 'sum'),
('ZOO1', '1st'),
('ZOO1', 'sum'),
('ZOO11', '1st'),
('ZOO11', 'sum'),
('ZOO113', '2nd'),
('ZOO115', '2nd'),
('ZOO115', 'sum'),
('ZOO117', 'sum'),
('ZOO120', '1st'),
('ZOO120', '2nd'),
('ZOO120', 'sum'),
('ZOO140', '1st'),
('ZOO146', 'sum'),
('ZOO148', '1st'),
('ZOO148', '2nd'),
('ZOO180', '1st'),
('ZOO180', 'sum'),
('ZOO185', '1st'),
('ZOO191', '1st'),
('ZOTC113', '2nd'),
('ZOTC113', 'sum'),
('ZOTC114', '1st'),
('ZOTC116', '1st'),
('ZOTC116', '2nd');

-- --------------------------------------------------------

--
-- Table structure for table `student`
--

CREATE TABLE IF NOT EXISTS `student` (
  `studentname` varchar(100) NOT NULL,
  `studentno` varchar(10) NOT NULL,
  `studentage` int(11) NOT NULL,
  `studentdegree` varchar(100) NOT NULL,
  `studentcontactno` varchar(11) NOT NULL,
  PRIMARY KEY (`studentname`,`studentdegree`),
  KEY `student_degree_fk` (`studentdegree`)
) ENGINE=InnoDB DEFAULT CHARSET=latin1;

/*!40101 SET CHARACTER_SET_CLIENT=@OLD_CHARACTER_SET_CLIENT */;
/*!40101 SET CHARACTER_SET_RESULTS=@OLD_CHARACTER_SET_RESULTS */;
/*!40101 SET COLLATION_CONNECTION=@OLD_COLLATION_CONNECTION */;
